{
  "churn": {
    "auc_roc": 0.9834012387768536,
    "auc_pr": 0.9627697307299512,
    "f1": 0.89120151371807,
    "recall": 0.925343811394892,
    "threshold": 0.3,
    "n_test": 2500
  },
  "segmentation": {
    "silhouette": 0.37642689720623285,
    "churn_rate_by_segment": {
      "0": 0.095,
      "1": 0.029,
      "2": 0.903,
      "3": 1.0
    }
  }
}