{
  "churn": {
    "auc_roc": 0.9841812715175067,
    "auc_pr": 0.9631128342599911,
    "f1": 0.8561341571050309,
    "recall": 0.9528487229862476,
    "threshold": 0.3,
    "n_test": 2500
  },
  "segmentation": {
    "silhouette": 0.37642689720623285,
    "churn_rate_by_segment": {
      "0": 0.095,
      "1": 0.029,
      "2": 0.903,
      "3": 1.0
    }
  }
}