{
  "churn": {
    "auc_roc": 0.7394163995726496,
    "auc_pr": 0.2673516463955812,
    "f1": 0.15789473684210525,
    "recall": 0.09375,
    "threshold": 0.3,
    "n_test": 500
  },
  "segmentation": {
    "silhouette": 0.24813914893165395,
    "churn_rate_by_segment": {
      "0": 0.176,
      "1": 0.079,
      "2": 0.028,
      "3": 0.022
    }
  }
}